{
    "1_1_actor_calls_async": [
        8438.798761060269,
        121.69885298791183
    ],
    "1_1_actor_calls_concurrent": [
        5025.134553957409,
        32.80630483783723
    ],
    "1_1_actor_calls_sync": [
        2022.9946226410866,
        8.454748934554402
    ],
    "1_1_async_actor_calls_async": [
        3325.68058582922,
        97.84506037402114
    ],
    "1_1_async_actor_calls_sync": [
        1317.1775287878952,
        42.22124122430858
    ],
    "1_1_async_actor_calls_with_args_async": [
        2379.978171885722,
        113.40833197398243
    ],
    "1_n_actor_calls_async": [
        8015.508543724456,
        245.10941804740358
    ],
    "1_n_async_actor_calls_async": [
        7165.4590225653465,
        105.87471616704595
    ],
    "client__1_1_actor_calls_async": [
        980.4287873506584,
        11.844191446222643
    ],
    "client__1_1_actor_calls_concurrent": [
        973.7173433082041,
        11.971471052466892
    ],
    "client__1_1_actor_calls_sync": [
        520.2830601978061,
        6.023862767038641
    ],
    "client__get_calls": [
        1112.351685587795,
        72.43122295476425
    ],
    "client__put_calls": [
        799.2470872624585,
        29.718899369063788
    ],
    "client__put_gigabytes": [
        0.13102284729151661,
        0.0006810781756013038
    ],
    "client__tasks_and_get_batch": [
        0.9141771895033232,
        0.00784169222403238
    ],
    "client__tasks_and_put_batch": [
        11272.391440446398,
        137.36441126792343
    ],
    "multi_client_put_calls_Plasma_Store": [
        12064.101308620586,
        161.80620305741516
    ],
    "multi_client_put_gigabytes": [
        40.38361233202931,
        3.162964357457712
    ],
    "multi_client_tasks_async": [
        21622.95350930858,
        2141.0935192507295
    ],
    "n_n_actor_calls_async": [
        25595.014733601827,
        470.8840969913054
    ],
    "n_n_actor_calls_with_arg_async": [
        2509.4134175532636,
        29.821284263451798
    ],
    "n_n_async_actor_calls_async": [
        22025.668360778953,
        1201.3394088902367
    ],
    "perf_metrics": [
        {
            "perf_metric_name": "single_client_get_calls_Plasma_Store",
            "perf_metric_type": "THROUGHPUT",
            "perf_metric_value": 10235.890272919318
        },
        {
            "perf_metric_name": "single_client_put_calls_Plasma_Store",
            "perf_metric_type": "THROUGHPUT",
            "perf_metric_value": 5167.52229637796
        },
        {
            "perf_metric_name": "multi_client_put_calls_Plasma_Store",
            "perf_metric_type": "THROUGHPUT",
            "perf_metric_value": 12064.101308620586
        },
        {
            "perf_metric_name": "single_client_put_gigabytes",
            "perf_metric_type": "THROUGHPUT",
            "perf_metric_value": 20.382226336457904
        },
        {
            "perf_metric_name": "single_client_tasks_and_get_batch",
            "perf_metric_type": "THROUGHPUT",
            "perf_metric_value": 8.077033795116636
        },
        {
            "perf_metric_name": "multi_client_put_gigabytes",
            "perf_metric_type": "THROUGHPUT",
            "perf_metric_value": 40.38361233202931
        },
        {
            "perf_metric_name": "single_client_get_object_containing_10k_refs",
            "perf_metric_type": "THROUGHPUT",
            "perf_metric_value": 13.656800588036022
        },
        {
            "perf_metric_name": "single_client_wait_1k_refs",
            "perf_metric_type": "THROUGHPUT",
            "perf_metric_value": 5.473835695759134
        },
        {
            "perf_metric_name": "single_client_tasks_sync",
            "perf_metric_type": "THROUGHPUT",
            "perf_metric_value": 997.2474663529835
        },
        {
            "perf_metric_name": "single_client_tasks_async",
            "perf_metric_type": "THROUGHPUT",
            "perf_metric_value": 8027.384846813461
        },
        {
            "perf_metric_name": "multi_client_tasks_async",
            "perf_metric_type": "THROUGHPUT",
            "perf_metric_value": 21622.95350930858
        },
        {
            "perf_metric_name": "1_1_actor_calls_sync",
            "perf_metric_type": "THROUGHPUT",
            "perf_metric_value": 2022.9946226410866
        },
        {
            "perf_metric_name": "1_1_actor_calls_async",
            "perf_metric_type": "THROUGHPUT",
            "perf_metric_value": 8438.798761060269
        },
        {
            "perf_metric_name": "1_1_actor_calls_concurrent",
            "perf_metric_type": "THROUGHPUT",
            "perf_metric_value": 5025.134553957409
        },
        {
            "perf_metric_name": "1_n_actor_calls_async",
            "perf_metric_type": "THROUGHPUT",
            "perf_metric_value": 8015.508543724456
        },
        {
            "perf_metric_name": "n_n_actor_calls_async",
            "perf_metric_type": "THROUGHPUT",
            "perf_metric_value": 25595.014733601827
        },
        {
            "perf_metric_name": "n_n_actor_calls_with_arg_async",
            "perf_metric_type": "THROUGHPUT",
            "perf_metric_value": 2509.4134175532636
        },
        {
            "perf_metric_name": "1_1_async_actor_calls_sync",
            "perf_metric_type": "THROUGHPUT",
            "perf_metric_value": 1317.1775287878952
        },
        {
            "perf_metric_name": "1_1_async_actor_calls_async",
            "perf_metric_type": "THROUGHPUT",
            "perf_metric_value": 3325.68058582922
        },
        {
            "perf_metric_name": "1_1_async_actor_calls_with_args_async",
            "perf_metric_type": "THROUGHPUT",
            "perf_metric_value": 2379.978171885722
        },
        {
            "perf_metric_name": "1_n_async_actor_calls_async",
            "perf_metric_type": "THROUGHPUT",
            "perf_metric_value": 7165.4590225653465
        },
        {
            "perf_metric_name": "n_n_async_actor_calls_async",
            "perf_metric_type": "THROUGHPUT",
            "perf_metric_value": 22025.668360778953
        },
        {
            "perf_metric_name": "placement_group_create/removal",
            "perf_metric_type": "THROUGHPUT",
            "perf_metric_value": 786.2760620707345
        },
        {
            "perf_metric_name": "client__get_calls",
            "perf_metric_type": "THROUGHPUT",
            "perf_metric_value": 1112.351685587795
        },
        {
            "perf_metric_name": "client__put_calls",
            "perf_metric_type": "THROUGHPUT",
            "perf_metric_value": 799.2470872624585
        },
        {
            "perf_metric_name": "client__put_gigabytes",
            "perf_metric_type": "THROUGHPUT",
            "perf_metric_value": 0.13102284729151661
        },
        {
            "perf_metric_name": "client__tasks_and_put_batch",
            "perf_metric_type": "THROUGHPUT",
            "perf_metric_value": 11272.391440446398
        },
        {
            "perf_metric_name": "client__1_1_actor_calls_sync",
            "perf_metric_type": "THROUGHPUT",
            "perf_metric_value": 520.2830601978061
        },
        {
            "perf_metric_name": "client__1_1_actor_calls_async",
            "perf_metric_type": "THROUGHPUT",
            "perf_metric_value": 980.4287873506584
        },
        {
            "perf_metric_name": "client__1_1_actor_calls_concurrent",
            "perf_metric_type": "THROUGHPUT",
            "perf_metric_value": 973.7173433082041
        },
        {
            "perf_metric_name": "client__tasks_and_get_batch",
            "perf_metric_type": "THROUGHPUT",
            "perf_metric_value": 0.9141771895033232
        }
    ],
    "placement_group_create/removal": [
        786.2760620707345,
        6.103639920569282
    ],